Workbook

Sheet ORT
B1: OBSERVACIÓN DE ROLES EN TERRENO ORT
B4: Codigo: JU-S-SS0-FOR-008 | E4: Fecha: 27/01/19 | G4: Version: 2
A5: Datos generales
A6: Tarea observada | C6: Prueba de densidad de terreno
A7: Supervisor de area observada | C7: Royer Diaz
A8: Fecha | C8: 43567 | F8: Hora: | G8: 0.45833333
A9: Ubicación | C9: Chancadora primaria de sulfuros
A10: Empresa Observada | C10: CCICSK
A11: Datos de los participantes
A12: Líder de la ORT | B12: Edy Villasante | E12: Cargo | F12: Inspector de control de calidad | G12: Empresa | H12: CCICSK
A13: Observadores 1 | E13: Cargo | G13: Empresa
A14: Observadores 2 | E14: Cargo | G14: Empresa
A15: Rol del supervisor
A16: ¿El planeamiento de la tarea fue eficaz? | G16: Sí | H16: X | I16: No
A17: ¿La asignación de la tarea fue eficaz? | G17: Sí | H17: X | I17: No
A18: ¿El monitoreo de la tarea fue eficaz? | G18: Sí | H18: X | I18: No
A19: Rol del trabajador (es)
A20: ¿La aceptación de la tarea fue eficaz? | G20: Sí | H20: X | I20: No
A21: ¿Se han implementado los controles críticos identificados? | G21: Sí | H21: X | I21: No
A22: ¿Se usó Procedimiento/Instrutivo de Trabajo/IPERC/ATS para la tarea? | G22: Sí | H22: X | I22: No
A23: ¿El mensaje de la supervisión de “Pare y Piense” fue eficaz? | G23: Sí | H23: X | I23: No

Sheet BDORT
A1: BD OBSERVACIONES DE ROLES EN TERRENO
P2: =+SUM(P4:P1048576) -> 0 | Q2: =+SUM(Q4:Q1048576) -> 0 | R2: =+SUM(R4:R1048576) -> 0 | S2: =+SUM(S4:S1048576) -> 0 | T2: =+SUM(T4:T1048576) -> 0 | V2: =+SUM(V4:V1048576) -> 0 | W2: x
A3: TAREA OBSERVADA | B3: SUPERVISOR | C3: FECHA | D3: HORA | E3: UBICACIÓN | F3: EMPRESA OBSERVADA | G3: LIDER ORT | H3: CARGO LÍDER ORT | I3: EMPRESA DEL LIDER DE LA ORT | J3: OBSERVADOR 1 | K3: CARGO OBSERVADOR 1 | L3: EMPRESA OBSERVADOR 1 | M3: OBSERVADOR 2 | N3: CARGO OBSERVADOR 2 | O3: EMPRESA OBSERVADOR 2 | P3: ¿El planeamiento de la tarea fue eficaz? | Q3: ¿La asignación de la tarea fue eficaz? | R3: ¿El monitoreo de la tarea fue eficaz? | S3: ¿La aceptación de la tarea fue eficaz? | T3: ¿Se han implementado los controles críticos identificados? | U3: ¿Se usó Procedimiento/Instrutivo de Trabajo/IPERC/ATS para la tarea? | V3: ¿El mensaje de la supervisión de “Pare y Piense” fue eficaz?
A4: =+ORT!C6 -> Prueba de densidad de terreno | B4: =+ORT!C7 -> Royer Diaz | C4: =IF(ORT!C8="","",TEXT(ORT!C8,"mmmm")) -> Abril | D4: =+ORT!G8 -> 0.45833333 | E4: =+ORT!C9 -> Chancadora primaria de sulfuros | F4: =ORT!C10 -> CCICSK | G4: =+ORT!B12 -> Edy Villasante | H4: =ORT!F12 -> Inspector de control de calidad | I4: =ORT!H12 -> CCICSK | J4: =ORT!B13 -> 0 | K4: =ORT!F13 -> 0 | L4: =ORT!H12 -> CCICSK | M4: =ORT!B14 -> 0 | N4: =ORT!F14 -> 0 | O4: =ORT!H14 -> 0 | P4: =+IF(ORT!H16="X","SI",IF(ORT!J16="X","No","NA")) -> SI | Q4: =+IF(ORT!H17="X","SI",IF(ORT!J17="X","No","NA")) -> SI | R4: =+IF(ORT!$H$18="X","SI",IF(ORT!$J$18="X","No","NA")) -> SI | S4: =+IF(ORT!$H$20="X","SI",IF(ORT!$J$20="X","No","NA")) -> SI | T4: =+IF(ORT!$H$21="X","SI",IF(ORT!$J$21="X","No","NA")) -> SI | U4: =+IF(ORT!$H$22="X","SI",IF(ORT!$J$22="X","No","NA")) -> SI | V4: =+IF(ORT!$H$23="X","SI",IF(ORT!$J$23="X","No","NA")) -> SI
